Genus.species;Ed/Hd;Bbl/Bl;Mo/Bd;Jl/Hd;Eh/Bd;Bl/Bd;PFi/Bd;PFl/Bl;CFd/CPd
Acanthodoras.cataphractus;0.182379420322342;0.3614696545503;0.193440686807099;0.341908108108108;0.389506913278587;4.14343706374266;0.1922352255632;0.28692768068795;2.53259844667049
Acaronia.nassa;0.51282092018302;0;0.298312796208531;0.598044822911371;0.434812006319115;2.24883096366509;0.450240126382306;0.332971317377468;1.78610525757756
Acestrorhynchus.falcatus;0.439454724884929;0;0.384142157957969;1.15308735925333;0.46293538920137;4.61450188494096;0.137967836185369;0.169137242307983;4.03712153372248
Acestrorhynchus.microlepis;0.453049246942485;0;0.271097777922278;1.01781906229787;0.424412489003504;4.83715447139086;0.131003380131017;0.15251703950237;4.4935663551018
Acnodon.oligacanthus;0.438440770566323;0;0.182911478497624;0.370881292721569;0.286042991241669;1.91982460451955;0.14659446091033;0.226140743794807;3.58371587679345
Aequidens.paloemeuensis;0.378013941263856;0;0.264757672312594;0.298982973374472;0.50613156129465;2.43011068254234;0.380586533624015;0.300297172334075;1.43135550242701
Aequidens.tetramerus;0.316270806763598;0;0.267883551718225;0.325429418014294;0.431369878835138;2.26630741644205;0.361152862540014;0.338591207102026;2.05126349614033
Ageneiosus.inermis;0.301525663066558;0.0119107957425241;0.32673173061737;0.845871235273906;0.234330525689535;5.10610897123198;0.34438229712709;0.182982001003634;3.06303298513173
Ageneiosus.ucayalensis;0.394657197761767;NA;0.251759100739424;1.08801050429065;0.168393988601267;5.41355519072181;0.339226740241641;0.150665780828757;3.63298973712639
Anableps.anableps;0.528031977897182;0;0.241172655865728;0.297302316636201;0.508472936079442;6.43635387657778;0.31841438358384;0.199213766210619;1.6046205006519
Anableps.microlepis;0.448956861892861;0;0.154754688561929;0.397696403346735;0.515034624639518;6.75588251501626;0.262173729358388;0.161847432143275;2.47367224297547
Anablepsoides.gaucheri;0.486215647749244;0;0.446344311068106;0.313616612658746;0.399560540450891;4.8068355720824;0.349956018697205;0.185344774406189;1.7827013442573
Anablepsoides.holmiae;0.441893526614714;0;0.273172989736283;0.467179270589972;0.36457722171001;4.34215958099345;0.337858506236713;0.185630740255188;1.95807998598393
Anablepsoides.igneus;0.581752171529224;0;0.334759778397154;0.368043493724646;0.330330162411588;5.46376897491558;0.371272887552062;0.176354904728354;1.63185825930374
Anablepsoides.lungi;0.523327152356256;0;0.459733153769233;0.269466456127135;0.323475452404761;4.6883790039031;0.347137995548531;0.220072491594321;2.21961216933489
Anadoras.weddellii;0.296296296296296;0.172436750998668;0.2031144211239;0.256901234567901;0.322941513462841;3.9112546221551;0.130305713244102;0.28096138482024;1.98466410429941
Anchovia.surinamensis;0.511314338366836;0;0.298721585681322;1.27786442972588;0.303700631048862;4.23743752521694;0.148658740584487;0.143112664680337;2.25902795521766
Anchoviella.guianensis;0.515151515151515;0;0.36809828491997;0.679121212121212;0.375017886710685;5.2229195200229;0.0722725321449744;0.0982583170254403;3.1063829787234
Ancistrus.aff..hoplogenys;0.364028128528898;0.0311499717824807;0.021758222630134;0.0987364746945899;0.598990833601479;5.27367270797545;0.0397435897435897;0.320493718876532;2.99616103522646
Ancistrus.aff..temminckii;0.322083665441082;NA;0;0;0.576882506876018;4.42994141365591;0;0.281001339188834;1.81346265516516
Ancistrus.cf..leucostictus;0.350549891477829;NA;0;0;0.56254625692685;4.81011254479767;0.0190114068441065;0.321756491292968;2.37627737599123
Anostomus.brevior;0.517834959410935;0;0.317404267090413;0.341641578443559;0.250864719071618;3.97902587302309;0.149102933568549;0.124247676494392;2.36847896181294
Anostomus.ternetzi;0.612466843501326;0;0.232134566622621;0.318710467251581;0.16952073140245;4.79609656797972;0.11606728331131;0.10656537262976;3.13338333333333
Aphyocharacidium.melandetum;0.601269612011229;0;0.293991899958339;0.526483640641562;0.308185413095295;3.42002745545319;0.149341274014984;0.167468852157833;2.08572258891534
Apistogramma.gossei;0.463207462148522;0;0.281787600012476;0.326477649603461;0.421369004350546;2.9609982686744;0.345869654867978;0.232891868919957;1.73317526048624
Apteronotus.aff..albifrons;0.0893509987357775;0;0.111430024736628;0.532238617783397;0.368343848918758;5.68628974194273;0.449948438406558;0.0801644830783002;1.63874505025891
Apteronotus.albifrons;0.129759277393706;0;0.105958995080158;0.423252312954004;0.397387152290626;6.61548768168809;0.396662270610023;0.0957564785501697;1.65393518518519
Archolaemus.blax;0.3;0;0.159486806896918;0.687183333333333;0.410324112633127;8.44394924775389;0.301385763144371;0.0671888067273801;0
Argonectes.longiceps;0.533129903040313;0;0.156632105561169;0.274261798801003;0.282478922944104;4.3178828789371;0.102898150831233;0.143012338999436;4.59842857142857
Aspredinichthys.tibicen;0.249687890137328;0.0871720330709886;0;NA;0.552375;14.468875;0.34375;0.162903560228421;3.92233771327711
Astronotus.ocellatus;0.245207779097718;0;0.291135125396086;0.376038058906532;0.459114570073361;1.96053440705649;0.317201374010521;0.273731085654465;2.15783658852513
Astyanax.bimaculatus;0.484895195691481;0;0.303009142746377;0.286732274514457;0.284745990411235;2.42091285809966;0.0771409978854226;0.229166528597509;3.06005888388445
Astyanax.leopoldi;0.579475549195536;0;0.348876924634544;0.296699075665667;0.317062896170617;2.59649318181344;0.0835509816395995;0.18834046245259;3.5139651422881
Astyanax.validus;0.407677754651853;0;0.266951065861904;0.392032158530265;0.274696053333361;2.42589508252075;0.082360182516976;0.220511484410174;2.87844034064059
Auchenipterus.dentatus;0.612485774838126;0.208330417259393;0.275282839581946;0.456310007979684;0.195098440878452;4.87672638733896;0.187119525182025;0.168360797867739;2.88912681505977
Auchenipterus.nuchalis;0.465715355323313;0.310657209619191;0.153842551700788;0.885379919685449;0.29924462904519;4.94657572320081;0.267875196228124;0.157547622286342;2.35303301018338
Batrochoglanis.raninus;0.154123211240514;0.28858024691358;0.179204378733696;0.401242274089433;0.451700680272109;5.01626827381967;0.261757541724208;0.224755568820794;1.84050315291839
Batrochoglanis.villosus;0.151649656247785;0.157802763647218;0.094299808166621;0.37848182011482;0.450934502603453;3.52539325842697;0.147048506440121;0.162836905013619;1.97063167955513
Bivibranchia.bimaculata;0.606701248318203;0;0.038909577612268;0.579317449400614;0.384666900142276;4.24908036821591;0.12139202586079;0.202381738833955;3.53723104763646
Bivibranchia.simulata;0.471546938579543;0;0.173822490294221;0.361240028170863;0.455924595238557;3.97054055456442;0.175293399686155;0.205858080575002;3.43636053684574
Boulengerella.cuvieri;0.357117028326881;0;0.29536853881666;1.67459460593887;0.381408284895263;6.68023929155742;0.168458486330638;0.133683034789073;2.7661122872674
Brachychalcinus.orbicularis;0.361243710488969;0;0.259104983445485;0.409712725239754;0.223881411124707;1.43999738182294;0.144570646235189;0.221267045454545;2.37600083015653
Brachyhypopomus.beebei;0.124271978495365;0;0.124894472022423;0.27811283040976;0.348124134670584;10.2826461351433;0.28703609901057;0.0213464696223317;0
Brachyhypopomus.brevirostris;0.175376579619429;0;0.433462295354017;0.241671961303052;0.403172174033888;12.4838154728025;0.356757440230936;0.0398132173743089;0
Brachyhypopomus.pinnicaudatus;0.127659574468085;0;0.262564820690108;0.519425531914894;0.36517296457563;8.38025950156445;0.262564820690108;NA;0
Brachyplatystoma.filamentosum;0.204383772351471;0.75153357121163;0.101729399796541;0.534570274947126;0.425452695829095;4.92371312309257;0.111902339776195;0.155605050402788;3.08333333333333
Brachyplatystoma.rousseauxii;0.146830174305893;0.33609780917151;0.176013293261466;0.517792801581181;0.389924616519675;4.47943871338109;0.130209844509118;0.132123496022671;3.25714285714286
Brachyplatystoma.vaillantii;0.158026314248881;0.708152229242872;0.179445345240078;0.550632074500947;0.440906480024741;4.52578292031049;0.1343739819831;0.170348557921731;3.30155951213167
Brycon.falcatus;0.439403515125396;0;0.303933687596949;0.600405230349884;0.270352651154939;2.66937548115906;0.0759450778857088;0.197778937173205;3.1536697452815
Brycon.pesu;0.451089474798466;0;0.458234029338752;0.568566697085421;0.402538094463464;3.43601633592073;0.110490517896568;0.222278154659671;2.88962034058898
Bryconamericus.aff..hyphesson;0.508688458562848;0;0.200479383949891;0.184872780799332;0.393446846807615;4.90375124291448;0;0.213054216811744;2.86253565192659
Bryconamericus.guyanensis;0.539201134726652;0;0.360847069922696;0.450577686867238;0.377269044482;3.99101421641818;0.147387411690349;0.176244788440088;2.89078850181985
Bryconops.affinis;0.582994644349905;0;0.352467543411447;0.427971920738072;0.338766644124096;3.6007093962312;0.103218422713469;0.196833978486416;2.71276401902619
Bryconops.caudomaculatus;0.589214366171142;0;0.376577596351784;0.364626324348263;0.350951747397712;3.83888223283922;0.147368430448204;0.214655187808082;2.92698236486309
Bryconops.cyrtogaster;0.539747679952835;0;0.255492565550535;0.267528634975484;0.34830279936767;3.46375773971684;0.107311530601717;0.204007378888845;3.60888646743503
Bryconops.melanurus;0.490270084799765;0;0.466710330755473;0.242723395911965;0.420806358163085;3.45764793309318;0.157568582008716;0.194897210185909;3.70119976004799
Bunocephalus.amaurus;0.330766841217715;0.160272451907003;0.110265819671869;NA;0.399400205041727;6.38121792230771;0.347053882538557;0.208962044120032;2.32388936549133
Bunocephalus.coracoideus;0.181597746449416;0.240244103773585;0.237406475338299;NA;0.589991272443801;7.18540549242906;0.296567443673369;0.135176886792453;4.05834893525316
Bunocephalus.verrucosus;0.180259298760165;0.179767605633803;0.100648849583649;NA;0.33443599739655;3.81123643756752;0.375816094422041;NA;4.2643835160076
Caenotropus.maculosus;0.597403279124117;0;0.153326841667606;0.421941279201649;0.267397004849102;3.37633211823762;0.111088959209816;0.166038398495657;3.67297174719206
Callichthys.callichthys;0.19807824017199;0.227629068238662;0.143853330456619;0.241596590909091;0.328842923726227;4.4620350451568;0.19050287848089;0.181856245784507;1.38117334879956
Carnegiella.strigata;0.355328410612197;0;0.248355223617466;0.173580648148928;0.340891424724936;1.92205242449254;0.634146439189352;0.407442537241871;3.83189054726368
Centromochlus.punctatus;0.495323260355638;0.305059148638395;0.318711506447413;0.264625907549127;0.335188532561219;4.46742779282571;0.143271560510079;0.235180249925903;1.32410841904962
Centropomus.parallelus;0.415167095115681;0;0.321045576407507;0.808691516709512;0.413538873994638;3.91778418230563;0.428954423592493;NA;2.85245901639344
Cephalosilurus.nigricaudus;0.144825217613927;0.146715655106101;0.0581808245011088;NA;0.217759336425945;2.19905894198797;0.0699569290370629;0.175931903409395;2.04606598385803
Chaetobranchopsis.australis;0.274276639641983;0;0.337590095009282;0.264800117818628;0.381985688404275;1.83576465093959;0.334783463960596;0.388846569767307;1.52768641679185
Chaetobranchus.flavescens;0.200007575757576;0;0.407657645081496;0.297098484848485;0.547040856780707;2.4848203965626;0.329445136217188;0.348318217364338;2.12313846153846
Chalceus.macrolepidotus;0.465899710562887;0;0.31468404746595;0.537820131030375;0.346162389665049;3.73094639621208;0.132863739989478;0.186932141329535;2.98205714110448
Characidium.pellucidum;0.558824416278859;0;0.22893826988898;0.500216099948739;0.355881995239502;6.41433130056582;0.0767297345819506;0.249980362397286;1.38016257699687
Characidium.zebra;0.51612930754753;0;0.267420559177436;0.558481179308598;0.355638867697294;4.93131449502746;0.173783275638336;0.214305032459744;3.02571078870107
Charax.gibbosus;0.504468207668585;0;0.30463284411058;0.372629736247046;0.280134280714554;2.60645732630412;0.0897566318155654;0.194686398954154;2.27529193897836
Charax.niger;0.446182770548866;0;0.346260042139304;0.873686691588189;0.277370203160271;2.55015497604676;0.1042556150357;0.238609114559507;3.33549330056226
Chasmocranus.brevior;0.286773777124747;0.161243370206807;0.265414020062382;0.565759794741422;0.508878048187119;9.28371740154098;0.290802619597517;0.09393251090431;2.27797334839875
Chasmocranus.longior;0.434224828934506;0.213974793833564;0.336069795806167;0.306451612903226;0.61600230055005;8.5476522335174;0.251914678594654;0.125662193315168;1.87772439725724
Chilodus.zunevei;0.530964757388172;0;0.304797985233657;0.278229521329862;0.194851223920888;2.91557804407497;0.105603143842272;0.216295689191059;2.87951317358777
Cichla.monoculus;0.27695295158194;0;0.373154005593633;0.739148594088931;0.52928242985882;3.63150336817109;0.33952066496381;0.235786636559897;2.88064364076055
Cichla.ocellaris;0.308440678054675;0;0.245021707412046;0.502212676235777;0.440071448832598;2.88820731930085;0.382227042560087;0.262384252803398;2.38197316005007
Cichlasoma.amazonarum;0.321798913043478;0;0.293390775274879;0.315266304347826;0.416298885175642;1.99304510319141;0.363587081303094;0.318254472378533;1.6964661976358
Cichlasoma.bimaculatum;0.40360447761194;0;0.205716498463177;0.340679104477612;0.371298111441871;2.20239276523311;0.391264712763297;0.272792873312283;1.93145300324116
Cleithracara.maronii;0.278577977138582;0;0.288980480754581;0.189646325534054;0.400990732237437;1.90745845240769;0.271396590547788;0.246183118424004;1.75712534453427
Copella.arnoldi;0.606655296166009;0;0.328862185206689;0.346237270165668;0.291294249540015;5.15428177913491;0.140107359270989;0.244101861330698;2.66732531963779
Copella.carsevennensis;0.672390194820846;0;0.398228420470418;0.453087898135567;0.275174857987909;4.8596802075955;0.167776307187771;0.175683154688027;1.48105624214495
Corydoras.aeneus;0.229652669858966;0.194904436932606;0;0.110640084930734;0.404408835914469;2.60919877731134;0.0561797752808989;0.220212745926246;1.77198850156414
Corydoras.aff..brevirostris;0.322917203229543;0.118342627578281;0;NA;0.424271039864457;2.47697484718525;0.050054107098448;0.25894102598233;2.36246796334173
Corydoras.aff..guianensis;0.319325090839354;0.163190889094371;0;0.157305925844634;0.477591718969285;2.5507247898498;0;0.312993308871863;2.67458020314844
Corydoras.aff..oiapoquensis;0.313118230597344;NA;0;NA;0.424783968780004;2.38486520448301;0;0.279335288802804;2.17853219335117
Corydoras.amapaensis;0.292003488967572;0.192427340409368;0;NA;0.549728566943827;2.97461561529872;0.0375180375180375;0.173472249354258;2.85634807710024
Corydoras.approuaguensis;0.259091176470588;0.199407397793449;0;NA;0.528034;2.712106;0;0.304337662318508;1.93877551020408
Corydoras.baderi;0.283943803311591;0.102714295134797;0;0.0989362769693929;0.43287464397241;2.39376136714595;0;NA;2.0694133953322
Corydoras.condiscipulus;0.343014627941488;0.154485425294037;0;NA;0.452354194469809;2.90040036524549;0;0.204376851605195;3.2453816780763
Corydoras.geoffroy;0.239019209050653;0.177359842250532;0.0373044775690095;0.275574431051912;0.593274955042221;2.92566747190776;0.157149014190562;0.260437553869594;3.30180740502529
Corydoras.nanus;0.314584170013387;0.164147609034702;0;NA;0.348175225420299;2.77909964737845;0;0.319628668238651;1.96554384810959
Corydoras.oiapoquensis;0.269261628020981;0.180242018418279;0.0147582697201018;0.276404494382022;0.387004307535779;2.29397558096012;0.0353326063249727;0.261877414362612;2.13539405567043
Corydoras.punctatus;0.30106361007848;0.142297808340921;0;NA;0.468262064666043;2.27982515798124;0;0.334578370534258;2.42240379280779
Corydoras.sipaliwini;0.39033357893064;NA;0;NA;0.460647751474944;2.80080785331342;0;0.163873500789265;2.52401704435406
Corydoras.solox;0.245654112466443;0.139573195153639;0;NA;0.597041142488598;2.9403466748607;0;0.197256100119775;3.5286014951033
Corydoras.sp2.aff..trilineatus;0.294641547084544;NA;0;NA;0.425628625212348;2.30301036102906;0;0.301938450701417;2.00649670243134
Corydoras.sp3.aff..elegans;0.274907026815424;0.188941412762055;0;NA;0.319991327258034;2.63663839265182;0;0.211812140075106;2.74500847533232
Corydoras.sp5.aff..Breei;0.362571912994334;0.0906766666666667;0;NA;0.446882352941176;2.94117647058824;0;0.248773333333333;2.57142857142857
Corydoras.spilurus;0.306407898999638;0.178671065662392;0;0.343009460727572;0.526346348037587;2.84933561534832;0;0.168816717521697;2.62294144207047
Creagrutus.melanzonus;0.50736817504232;0;0.169522969045267;0.242669723843452;0.441702078677014;4.2440253623536;0.146610519045746;0.166440569628922;2.16333
Creagrutus.planquettei;0.473150137026887;0;0.359398474199908;0.304890995728711;0.415080650480385;3.87685869859952;0.124585021948949;0.168335510359937;2.01857142857143
Crenicichla.albopunctata;0.507926007914981;0;0.316647238392568;0.485464489725604;0.355443219706349;4.30514968548997;0.432547749410925;0.190161519255965;2.00379909937046
Crenicichla.alta;0.421758338285065;0;0.227295229204679;0.65866639109205;0.401338029165075;3.86841063068415;0.425262726128343;0.165343390597092;2.15172184328731
Crenicichla.johanna;0.470873555615547;0;0.307207317311783;0.512404316960741;0.427917879952968;4.77308270014923;0.528879229262751;0.202573731028373;1.92262311589405
Crenicichla.multispinosa;0.438891408667839;0;0.213249586371968;0.593815137611942;0.451329663735278;5.40564150124795;0.446931608786366;0.158181564058641;1.30659032459751
Crenicichla.saxatilis;0.469657851513299;0;0.265049464567951;0.448281444103471;0.350608973082169;4.39899987217709;0.441831682919277;0.171606875400456;1.74359906881238
Crenicichla.ternetzi;0.579879627117818;0;0.236530141898377;0.507005115011369;0.377698913966238;5.18296842409618;0.43424309136371;0.13777343704717;1.87811508582746
Crenuchus.spilurus;0.422863525929993;0;0.273915324377482;0.387515521159898;0.384019461218562;3.29207192083527;0.138194677353311;0.146228679488529;2.13247409032258
Cteniloricaria.platystoma;0.391423451628185;0.0183482312546726;0;0;0.560769800148039;11.7619245003701;0;0.252480120022454;10.3297413793103
Ctenobrycon.spilurus;0.484662576687117;0;0.275784793814433;0.164846625766871;0.253867268041237;2.10309922680412;0.126314432989691;0.22163351215223;3.81071285226043
Curculionichthys.karipuna;0.257142857142857;NA;NA;NA;0.490566037735849;4.56603773584906;0.283018867924528;0.136363636363636;1.20689655172414
Curimata.cyprinoides;0.528372394708154;0;0.192309322775894;0.277590289601178;0.261634469952285;2.60702520036198;0.117860207918135;0.196027880408126;2.80923380320642
Curimatopsis.crypticus;0.633802816901408;0;0.211016118098472;0.355478873239437;0.277680152164327;3.03407243601135;0.125219657630264;0.174321041214751;3.01729310344828
Cynodon.meionactis;0.359775526316873;0;0.431359488912278;0.887617155608364;0.470154108639245;3.64211856200217;0.254805259541625;0.315026173178978;3.73654871035955
Cynopotamus.essequibensis;0.431766217972235;0;0.434960400295983;0.816609105502291;0.394270810896127;2.97629030586971;0.0968316350739652;0.149171152879907;3.64029341704478
Cyphocharax.aff..spilurus;0.545526586724806;0;0.219455983266862;0.218786506782946;0.275166562276439;2.99903043862358;0.164602486977622;0.181519325241135;2.0005905421422
Cyphocharax.gouldingi;0.507483953527153;0;0.213949078632867;0.438923488259723;0.306080085159552;2.84915135173939;0.133884836914528;0.150091821314135;3.20937986944817
Cyphocharax.helleri;0.620091032722128;0;0.221334597964339;0.180240308098749;0.269045298180278;2.86391976835095;0.114489799081046;0.204619800161023;2.56032703368602
Cyphocharax.microcephalus;0.535628202610295;0;0.213777853618304;0.232784016854434;0.212547815081837;2.50985452839043;0.0853205921249094;0.192968291874527;2.14622109719002
Cyphocharax.punctatus;0.717088070826237;0;0.165861573574765;0.235849576986989;0.227251127061458;3.13579144989759;0.159802369962659;NA;3.35327333373506
Cyphocharax.spilurus;0.542553191489362;0;0.211206896551724;0.372340425531915;0.241379310344828;2.64224137931034;0.0818965517241379;0.200652528548124;2.20987654320988
Doras.carinatus;0.395503672479995;0.192863705143348;0.0693694160469151;0.299604421268657;0.53035010515106;4.7272173951442;0.134189707577294;0.199590039195705;4.08906144401515
Doras.micropoeus;0.389955166605653;0.0750168967400865;0;NA;0.547900270544232;4.50944859583519;0;0.183401383218065;4.54187371042202
Dormitator.maculatus;0.373193918378765;0;0.295558817835083;0.299800584507234;0.325738653409331;3.27820699075725;0.395417557042197;0.214721012140416;2.26234575557208
Eigenmannia.virescens;0.285889330514077;0;0.198601784108541;0.244397727272727;0.288424364055884;7.25476737699534;0.20927975593061;0.0685942062827907;0
Electrophorus.electricus;0.199444444444444;0;0.290718802238535;0.494148148148148;0.330420088669235;8.77638273130315;0.345700995711898;0.032373601757288;0
Eleotris.pisonis;0.424293956043956;0;0.411992655913431;0.731388278388278;0.425772146746044;4.73188614121678;0.55560912385443;0.207979223112592;2.11733708414873
Erythrinus.erythrinus;0.45196735208015;0;0.291916230797432;0.576691178907355;0.329739042697651;4.36136877518021;0.199290586716977;0.169768728665961;1.55613280524217
Farlowella.reticulata;0.39109063799701;0.00765201102501748;0;0;0.594319021039073;19.2842351509947;0.0291970802919708;0.0852757440400957;3.14705882352941
Farlowella.rugosa;0.285595967384941;0.00519390320315862;0;0;0.778625;21.5252375;0;0.0951592287889971;NA
Fluviphylax.palikur;0.790343837054223;0;0.664053150072978;0.315778466977596;0.470570089373699;6.01053689914111;NA;NA;1.59046891993642
Galeocharax.aff..gulo;0.449758812514997;0;0.227307155699882;0.984874773619345;0.28369458277678;3.35429775407238;0.0720371376943208;0.167621788309035;3.21810941337831
Gasteropelecus.sternicla;0.230637649033564;0;0.235094697825792;0.123230977198906;0.430443429914569;1.94368304479501;0.601184287845229;0.407194401873484;2.88902777777778
Geophagus.camopiensis;0.28709181157072;0;0.253367085304109;0.270001849867129;0.607142483347592;2.79248694152802;0.339589284520738;0.321644237702039;2.84177318300401
Geophagus.harreri;0.236051654053481;0;0.22887151212461;0.219487627110665;0.613900376241356;2.49804297664851;0.332166291151354;0.310892038781268;2.23911748178869
Geophagus.surinamensis;0.31675830621095;0;0.158760042925643;0.221751629867631;0.548259506984973;2.55471023089275;0.349300398223878;0.330897582383667;2.45289708528657
Glanidium.leopardum;0.503213701773774;0.212111483020666;0.234610072025033;0.430700371170891;0.355659250733865;5.37468610782967;0.124424457385962;0.177439997882421;1.84201293847913
Gobiomorus.dormitor;0.305555555555556;NA;0.41340782122905;0.902777777777778;0.418994413407821;5.68156424581006;0.424581005586592;0.192723697148476;2.24489795918367
Guianacara.geayi;0.515227549557892;0;0.149318762095409;0.357545255822831;0.541932491362893;2.23723479749602;0.368329347786923;0.288081367606249;1.9282617067659
Guianacara.oelemariensis;0.278679387561064;0;0.224095215567148;0.180510475066391;0.594910548659786;2.1787097095477;0.348648581352788;0.294339159030974;1.7223720174337
Guianacara.owroewefi;0.36999544758127;0;0.19637895222855;0.164826854570806;0.550049217994374;2.37638812752682;0.374820739149725;0.289120031793686;2.17639637197016
Guyanancistrus.brevispinis;0.277554930567865;0.0332709376282269;0.0963517667752058;0.103328778195184;0.729395916663763;4.76414128014048;0.0313688212927757;0.179768555466887;2.68992705485454
Guyanancistrus.longispinis;0.212900274497342;NA;0;0;0.676517050259809;4.82026403425862;0;0.375763266578312;2.39960159743817
Guyanancistrus.niger;0.264063619086382;NA;0;0;0.680989461285764;5.07271240398279;0;0.275330912929566;2.65329157333868
Gymnotus.anguillaris;0.310076923076923;0;0.23969959818866;0.330846153846154;0.223228522227183;9.58299317558518;0.223228522227183;NA;0
Gymnotus.carapo;0.173147772057084;0;0.287619627224393;0.320838541268878;0.271862270950641;8.27144426126612;0.219618107583795;0.0504870626278807;0
Gymnotus.coropinae;0.212291003755648;0;0.281043665596262;0.218525241675618;0.320801830009148;11.4487648061778;0.293015069400052;0.0370228297920569;0
Harttia.fowleri;0.419157187844538;NA;0;0;0.682325031103213;8.71793435899815;0.0381944444444444;0.310156099548971;7.02804333162967
Harttia.guianensis;0.358750280438332;0.0134532627136177;0.00947844724934508;0.0997405768123257;0.749154095554095;10.1993002719775;0.0411120556177339;0.245400078159875;5.60496456767466
Harttiella.crassicauda;0.259084355950097;NA;0;0;0.633215333073923;6.67566695454934;0;0.226264047938925;2.12342123421234
Harttiella.lucifer;0.206550005277848;0.108699788650002;0.11909107572591;NA;0.571852521955537;7.40920048499279;0.03368393625398;0.198660655264873;2.30286169159506
Harttiella.pilosa;0.189755606826383;NA;0;NA;0.728765126670886;7.43835496341106;0;0.195027858123386;5.43956043956044
HarTtiella.sp;0.121445661973785;NA;NA;NA;0.613056652696958;6.65954864775228;0.0251228630868031;0.208115593615911;1.81053271710046
Helogenes.marmoratus;0.16354282120326;0.298767164900728;0.348695839528791;0.428780780766543;0.431271754893192;4.6001997580442;0.316884773069926;0.165278270340842;1.96363510977797
Hemiancistrus.medians;0.270400804766057;0.0562739623914368;0;0;0.684922631819531;4.01408767108378;0;0.300588741231964;3.09193955068574
Hemibrycon.surinamensis;0.441858913409441;0;0.343211015917533;0.415759812885595;0.37347448817323;3.12972370766706;0.111713232278228;0.18080630023953;2.10971400041908
Hemigrammus.aereus;0.547276921378477;0;0.344528242007629;0.279870194011726;0.286294258186979;3.04318784692491;0.0868756848679365;0.277921142651383;3.56355143270595
Hemigrammus.aff..marginatus;0.570814010456165;0;0.320396973911271;0.400092615584921;0.317757519713992;2.78874172667633;0.127421926765158;0.208875648493615;3.13020461509737
Hemigrammus.bellottii;0.491189025502572;0;0.301441927112037;0.359334525155971;0.327134082186839;3.52740062326523;0.0950629778450254;0.138760425425539;3.35865135235272
Hemigrammus.boesemani;0.44376804317811;0;0.304801971405737;0.318647755324045;0.280614510256638;2.87052659621703;NA;NA;3.55875632950475
Hemigrammus.guyanensis;0.533875574185281;0;0.376185610311127;0.282341698611096;0.366932678021778;2.86490468100579;0.106571713359705;0.167006199111162;3
Hemigrammus.ocellifer;0.514283683456007;0;0.36561158062576;0.312755508511059;0.339965127185834;2.73567299173497;0.154166411007005;0.215345886587015;3.27520432461557
Hemigrammus.ora;0.467153284671533;0;0.325581395348837;0.405620437956204;0.313953488372093;2.84505813953488;0.116279069767442;0.174380981574197;2.687525
Hemigrammus.rodwayi;0.555668198925104;0;0.329530309465575;0.329231880233866;0.34304837504943;3.01704037844725;0.1100850920488;0.187458282868245;3.83592017738359
Hemigrammus.unilineatus;0.465772552534951;0;0.330261556890746;0.286903756313675;0.348758241447288;2.19780416717758;0.0943227157396316;0.172147856949732;4.68644505341753
Hemiodontichthys.acipenserinus;0.406085714285714;0.0234893952651492;0;0;0.64282;11.36002;0;0.136429337272294;6.22222222222222
Hemiodus.aff..unimaculatus;0.612244897959184;0;0.261152068126521;0.0964336734693877;0.241687347931873;4.03071776155718;0.11830900243309;0.165396513996831;3.27161610685576
Hemiodus.huraulti;0.64014;0;0.219350239430464;0.2;0.264589613443589;3.74972944115688;0.0645147763030775;0.170061607454317;2.4821763331699
Hemiodus.quadrimaculatus;0.5709561934518;0;0.154103331594516;0.166186500032546;0.296549296343228;3.88258164698759;0.162132970348786;0.168368086970438;3.32007269677079
Hemiodus.unimaculatus;0.63966994971469;0;0.176306100534737;0.343359079206421;0.235292059275391;3.78862129061472;0.106162208406332;0.129996264475159;3.496884094999
Hemisorubim.platyrhynchos;0.33244313035766;0.453664335332938;0.24924664030957;0.357571942963122;0.375496294057902;5.65219980190208;0.103655578219301;0.127952630363388;2.42327767037534
Heptapterus.bleekeri;0.248053890465099;0.164229593436977;0.370076117581351;0.575844025410957;0.543771406705777;9.74408391330492;0.389538980713489;0.0883258157020394;1.28860875241628
Heros.efasciatus;0.213436415014065;0;0.247838428228547;0.207269052123445;0.41328726011266;1.77955868665249;0.356592861244942;0.31101301504244;1.68766854199003
Hoplerythrinus.unitaeniatus;0.316488012225538;0;0.297217946489174;0.892798820467417;0.377342367028114;4.22513159291768;0.183083683663046;0.16919052383753;1.42044031255392
Hoplias.aimara;0.357372276887606;0;0.289806097195799;0.997994528066324;0.407958896638775;4.27529742363077;0.191406399909483;0.182971743076198;1.83907823262289
Hoplias.malabaricus;0.418948572952165;0;0.344192799326878;0.877171503365388;0.447967891235014;4.56468421036615;0.155164097739621;0.167437100840373;1.72911018834087
Hoplosternum.littorale;0.262497136813373;0.546289786880052;0.0836940836940837;NA;0.371268939428638;3.28164783500198;0.163713927453508;0.201942656616556;1.73590964967453
Hyphessobrycon.borealis;0.517773976267164;0;0.336584398336892;0.43584456177547;0.362274796815375;3.32052530938228;0.149186645500734;0.220341300091702;2.71184373759803
Hyphessobrycon.copelandi;0.628035625380317;0;0.23618006993007;0.260773358411241;0.286879370629371;2.9545541958042;0.0878496503496504;0.138674145934479;2.8972651736092
Hyphessobrycon.eques;0.500300692163768;0;0.332900164419869;0.46725537780231;0.327096299155354;2.57682535057088;0.0907508361415536;0.158654420619642;3.02459434045758
Hyphessobrycon.roseus;0.474340913664721;0;0.249279010015206;0.300843004405089;0.245912642231661;2.52432489119606;0.0838970164123538;0.15320701101339;3.27471057960494
Hyphessobrycon.simulatus;0.583948958533963;0;0.317156207844081;0.295150904092234;0.32549696690391;2.930213229072;0.0925394204634885;0.206585889708636;3.60788093416416
Hyphessobrycon.takasei;0.62110808819934;0;0.295568049863147;0.291260525453068;0.323257984116737;3.10160941127074;0.112854675652575;0.150095515957499;3.59179681053877
Hypomasticus.despaxi;0.454320234619293;0;0.167525050237117;0.477787578808798;0.328667920899562;3.64890683338803;0.180048664307742;0.189060388535197;2.61009629884177
Hypomasticus.megalepis;0.465772552534951;0;0.149645530712409;0.20758847765002;0.310123444549105;3.61094310313486;0.181969163650786;0.130450004347647;3.52180434782609
Hypophthalmus.marginatus;0.2795;0.294082522946502;0.170482377750669;0.395275;0.0918607620074328;4.81450064777251;0.16103530123786;0.137492413365048;2.36402263070596
Hypopomus.artedi;0.204378718043226;0;0.11557260471199;0.248634301273541;0.337097321031474;11.0099669424313;0.268298091140341;0.046899621908931;0
Hypopygus.lepturus;0.234308107857739;0;0.260293011504619;0.28844461907831;0.351871307928591;8.76675765395883;0.437754761109255;0.0685631443249335;0
Hypostomus.gymnorhynchus;0.275287462057608;0.0436258342421316;0.0771521959728057;0.108829076380273;0.568217105654884;4.23492840973006;0.00991704933309549;0.253209665036441;3.4356111692698
Hypostomus.nematopterus;0.314546608182295;NA;0;0;0.521144055106319;4.0591494459419;0;0.27899804478548;3.9661360106501
Hypostomus.plecostomus;0.254915941853452;0.0456877983211685;0.0014135752206462;0.00402748354772971;0.527570605009953;4.34826217117072;0.00999699590273123;0.269193496795979;2.47922989226123
Hypselecara.temporalis;0.217255930555184;0;0.229990314343577;0.233501949343825;0.380578565574603;1.82109305680671;0.305890640133838;NA;2.42920194368409
Iguanodectes.aff..purusi;0.579876851594864;0;0.365097475902797;0.403898671546002;0.296777934079493;4.55071701605365;0.157078268755122;0.200230635009888;2.78363808438214
Imparfinis.hasemani;0.341144846124685;0.385859166463256;0.415639937060238;0.262466829789434;0.691327969598908;7.5409553780839;0.326574236261616;0.158900323619499;2.16518879313934
Ituglanis.amazonicus;0.18931824396811;0.0844574363180239;0.139921658687459;NA;0.342627489836928;5.55613071701747;0.213188380297993;0.0865328776598442;1.41095890410959
Ituglanis.nebulosus;0.123699905033238;0.129844035673951;0.268242388914822;0.111111111111111;0.449836354075081;6.50340414296145;0.197452229299363;0.102400486174415;2.60275582173391
Japigny.kirschbaum;0.108390530773004;0;0.197583096438831;0.389893005020631;0.308305824838443;7.05753952609803;0.399245034094011;0.0895751211496578;0
Jupiaba.abramoides;0.421834226097976;0;0.28801902986223;0.419644668244335;0.287038846416899;2.36809363475896;0.0902921214002723;0.220165022634222;3.52736969832106
Jupiaba.keithi;0.455377244570586;0;0.286322324398806;0.25061860948432;0.266968828187058;1.98929921407923;0.105197716565617;0.212659792305385;2.95025578014383
Jupiaba.maroniensis;0.493480519812747;0;0.298413687955155;0.332959981147039;0.290950991370398;2.24751355146287;0.102856685911679;0.237392680399954;3.46780643602215
Jupiaba.meunieri;0.438624321187767;0;0.308307785730506;0.269863211235215;0.314975640621522;2.15506558179344;0.129874254762783;0.215582649822953;2.97269389001399
Jupiaba.ocellata;0.446405534118107;0;0.363395686553551;0.372370558174181;0.326743340318122;2.51500653260538;0.112071555833562;0.102998936512191;3.35746764425598
Jupiaba.sp.;0.337586380855612;NA;0.347016842513492;0.244622453757069;0.358523042436632;2.58615179563133;0.0738815906982683;0.207685468387899;2.52804659498208
Knodus.heteresthes;0.51418109097788;0;0.280226700251889;0.363573715999838;0.332332773579625;3.71537223621607;0.160929191155891;0.145058107235203;3.08126912874924
Knodus.sp.;0.625468164794007;NA;0.217898832684825;0.187265917602996;0.284046692607004;5.71400778210117;0.138132295719844;0.156962887299966;2.86057692307692
Krobia.aff..guianensis.sp1;0.447838726342127;0;0.259125484352123;0.196874159548571;0.437553754049382;2.28256498338672;0.343725788963025;0.354858005199584;2.16202814527509
Krobia.aff..guianensis.sp2;0.264359278357878;0;0.292165207081613;0.281457568528861;0.498989077454423;2.50306713327568;0.324417359229752;0.249259755891062;2.26783529762793
Krobia.itanyi;0.400244665894216;0;0.22341719243807;0.344615904051522;0.458814754150178;2.32261561423521;0.381719274638284;0.321163337588518;2.21501612828037
Kryptolebias.marmoratus;0.51729760578308;0;0.418641065384494;0.350327472348289;0.321434220099326;4.30770569069687;0.408455382279442;0.145642332362801;2.19294840692221
Kryptolebias.ocellatus;0.558042370520866;0;0.304594505360836;0.215506365408877;0.275183762837333;4.51858480893878;0.295923332232784;0.176871219200788;2.41723174430095
Kryptolebias.sepia;0.453606440019285;0;0.502172282992237;0.198708489780414;0.445880381086803;4.891981298518;0.281128705010586;0.199594720090884;1.99649294068731
Laetacara.cf..curviceps;0.401807702384071;0;0.277558340628136;0.225368963409309;0.391207805794564;2.38593953498303;0.304433460725495;0.253102342052926;2.39019096163695
Laimosemion.aff..geayi;0.476390978907578;0;0.475876614338078;0.217958390934403;0.370255762999534;5.0655025337103;0.282746680516701;0.17678551112112;1.93672299724255
Laimosemion.agilae;0.480979166666667;0;0.347468923737171;0.2175;0.270144029130948;4.05870623042494;0.260325338939885;0.148380946786326;1.81273307031292
Laimosemion.cladophorus;0.422130222054949;0;0.48659027756096;0.340158073014678;0.428564738206001;4.06554997033938;0.390115208092666;0.147758907349739;1.88770114288963
Laimosemion.geayi;0.470635823858436;0;0.43395565201676;0.304663494071761;0.378596102999296;5.35107635935292;0.267144416272628;0.20535139089194;1.91857777821967
Laimosemion.xiphidius;0.594280490989815;0;0.420487633748465;0.351103421258814;0.3085423609893;4.64625504297492;0.260673566041045;0.154717365780363;1.86062048400046
Lepidosiren.paradoxa;0.133186705767351;0;0.21955223880597;0.700246578690127;0.365373134328358;9.68004865671642;0.457611940298507;0.1519854186145;0
Leporinus.acutidens;0.40169133192389;0;0.208661417322835;0.269215644820296;0.233595472440945;3.11909448818898;0.142060039370079;0.150415588513727;2.06303724928367
Leporinus.fasciatus;0.379225647629147;0;0.134721541810395;0.307937888198758;0.289077910283969;3.84740825299303;0.159242621493979;0.170357383762949;3.40085822144957
Leporinus.friderici;0.389319106702407;0;0.221864350101966;0.218472313780113;0.27974536677636;3.30074225851565;0.156948756571526;0.175997586790719;3.06115121645661
Leporinus.gossei;0.427754450328243;0;0.224338598429009;0.19654952274949;0.281692531402767;3.09163237334846;0.162766112036487;0.164158494507884;3.38021157184194
Leporinus.granti;0.39777335685254;0;0.194774022053042;0.222291532876585;0.301838450585306;3.42348129252024;0.180659686391548;0.174669579495365;2.28369655945764
Leporinus.lebaili;0.356045886422395;0;0.28315219172518;0.19989241374252;0.304259867883026;3.11058570334331;0.169196881190893;0.175747234358942;3.38751807237702
Leporinus.maculatus;0.486097608399767;0;0.129205299018194;0.268228660314991;0.356970515485819;4.15790831423846;0.166922108074478;0.137163232385165;3.38029837989044
Leporinus.melanostictus;0.389508148662624;0;0.275781253253178;0.250299724948348;0.331203941453316;3.05406834057266;0.180538654871568;0.132030559551263;2.70686936881602
Leporinus.nijsseni;0.429829713982118;0;0.18165970792434;0.234265145973442;0.302173241729234;3.21952712012353;0.174477398932045;0.168954794913981;2.58101328849271
Leporinus.pellegrini;0.55237584400833;0;0.220786381681838;0.246418880545214;0.300106267794843;4.26932870834503;0.121967357741509;0.137424064885631;3.49267544420299
Lithodoras.dorsalis;0.413987265168658;0.193388340800947;0.109790464951983;NA;0.30209845585324;4.47207105093588;0;0.259034481800838;4.08336105985905
Lithoxus.boujardi;0.369580281723796;0.0262129377637698;0;0;0.77115843361543;8.09676436005748;0;0.28243614245572;2.46197112287703
Lithoxus.planquettei;0.221926017938956;NA;0;0;0.58080374929937;5.0080800372769;0;0.211497684403281;1.36144700662417
Lithoxus.stocki;0.437917534770237;0.0311090052711806;0;0;0.69184403497442;7.34666630025054;0;0.327015813541728;2.3088339977221
Loricaria.aff..parnahybae;0.298580996677129;NA;0;0;0.538569396641063;8.50899669554669;0.0295138888888889;0.153684858405181;4.91264721669666
Loricaria.cataphracta;0.408083020819906;NA;0.111380582785209;0.0825353260869565;0.597423006810539;9.44610035695138;0.0335535787573593;0.15571011111964;11.4685366887347
Loricaria.nickeriensis;0.508493167857591;NA;0;0;0.735521890913749;13.7392371008551;0;0.157702383466649;NA
Lycengraulis.batesii;0.483323950816713;0;0.238542791418243;1.09496210929002;0.293019107084174;4.21449286418478;0.138273437866767;0.158339078063226;3.32198009824915
Mastiglanis.cf..asopos;0.428777117368403;0.505720269730391;0.237518398268398;0.667321571676847;0.554224025974026;9.15912878787879;0.357928571428571;0.149199162237745;6.51524390243902
Megalechis.thoracata;0.181818181818182;0.128482028931485;0;0.13589898989899;0.353626553668987;3.28860966884529;0.106082661967598;0.114708032859744;1.79670488885209
Melanocharacidium.blennioides;0.398591595143136;0;0.178902766836821;0.310974808162704;0.421073400723227;5.3186999719141;0.0944977302813015;0.228104657769908;2.28144219805041
Melanocharacidium.dispilomma;0.423062156271289;0;0.127401048563786;0.364589592866767;0.418595940422388;5.28431343544354;0.0283592299849239;0.199518797278188;1.93492795014929
Mesonauta.guyanae;0.286235160838895;0;0.254977805609279;0.121911978903877;0.471385583898122;1.94551429473929;0.36025292184582;0.241327940296807;1.81327975722154
Metaloricaria.paucidens;0.744714221018203;0.0948472338089228;0;0;0.74944384518903;9.49946219816665;0.0239970991583593;0.17437212740604;5.99122885340079
Metynnis.altidorsalis;0.265276430649854;0;0.303263010764993;0.146081759570948;0.316189993542639;1.55345305335088;0.13325050473676;0.22811771577103;4.97087951559934
Metynnis.lippincottianus;0.336875835818928;0;0.238741849364041;0.137691499008389;0.255393652745443;1.61221936893953;0.141793077845083;0.186741112682842;3.64206424586629
Microcharacidium.eleotrioides;0.510906077137326;0;0.272411777310363;0.278336903812097;0.368242517064102;5.30921037350744;0.154928792171207;0.216345594904523;1.78705640594261
Microglanis.poecilus;0.233410666167125;0.364096454914574;0.37716494536447;0.342421142124299;0.618430252302283;5.03061387562676;0.3861543378813;0.192056070127369;1.97565034914432
Microglanis.secundus;0.303409090909091;0.294425457365232;0.205853624903761;0.548818181818182;0.319530468956483;4.00112613906668;0.268900175815589;0.173652316264109;2.09403995070111
Micropoecilia.bifurca;0.765176563946568;0;0.402274826485103;0.213992858087555;0.316195603409601;3.78304172274563;0.549167392394374;0.208181607636651;2.02208711512572
Micropoecilia.cf..picta;0.508297932812479;0;0.431331810958739;0.233369578983332;0.283862939852384;3.80628574060889;0.559726894989689;NA;1.8390941403415
Micropoecilia.parae;0.580901212379843;0;0.407470162640478;0.325275507289525;0.286065217693651;4.0414862616298;0.334277831277824;0.186684299350343;1.50082223742314
Moenkhausia.aff..grandisquamis;0.450873153392632;0;0.337492111551982;0.209193665136036;0.326318056058789;2.26056021131407;0.118459215507836;0.225559860123141;3.0747159789614
Moenkhausia.aff..intermedia;0.608330592875607;0;0.322250867321409;0.292122180567265;0.268791499677704;3.00470771941584;0.0875642619327675;0.205786554258386;3.18148352386063
Moenkhausia.chrysargyrea;0.522191963930578;0;0.252833889686834;0.326118899558295;0.261812902000731;2.11071516690016;0.0977128305596612;0.20898407893586;3.39134667027124
Moenkhausia.collettii;0.563563386940069;0;0.363782255147859;0.43980238302493;0.337304985659264;3.14421354413825;0.111998373657938;0.196598481558402;3.1534687514103
Moenkhausia.georgiae;0.588112697613284;0;0.296620819470446;0.311067777267235;0.314151338526353;2.29352498984459;0.119092142303688;0.215193606281129;3.18389544434725
Moenkhausia.hemigrammoides;0.49360530301405;0;0.294314798099277;0.333346260472595;0.303135023327151;2.49041620415922;0.111846213205187;0.192788711118272;4.17563517440949
Moenkhausia.inrai;0.662459047986125;0;0.28111569339895;0.420191751782617;0.270087540435709;2.48382316116537;0.0717289874847328;0.20025018671418;4.09027113886459
Moenkhausia.lata;0.631475884695815;0;0.273319826279555;0.319581661481772;0.258257590062619;2.6004756388207;NA;NA;1.94105142698616
Moenkhausia.moisae;0.483490181467806;0;0.283450818283092;0.455337594542353;0.280280863760241;2.44232475173699;0.0718752494483199;0.231033510396572;3.19171408694332
Moenkhausia.oligolepis;0.478780122697785;0;0.288025683411481;0.450960010969958;0.294996523848922;2.21965476929378;0.128417775867197;0.238109571757512;3.3874035539086
Moenkhausia.surinamensis;0.460083731907026;0;0.307331774024619;0.390174409691335;0.319480589516136;2.40869923261778;0.102343702319274;0.209134479254679;3.27259516274461
Mugil.cephalus;0.379032258064516;NA;0.246445497630332;0.362903225806452;0.347551342812006;4.53712480252765;0.590837282780411;0.125;3.58461538461538
Myloplus.rhomboidalis;0.261526886826651;0;0.246110973196536;0.312563601267592;0.286595565629487;1.65726698062136;0.143979078027352;0.226044111917942;3.83507125433599
Myloplus.rubripinnis;0.404053413212381;0;0.240434245716671;0.250406022501595;0.238254662478185;1.44888834279462;0.147162991729066;0.200500124594206;5.60613277740535
Myloplus.ternetzi;0.454431081849909;0;0.236122465680314;0.187793819786987;0.245671728122687;1.53919532146495;0.121062806606796;0.208360143572694;4.42052538236824
Nannacara.anomala;0.463254680904448;0;0.30780685384838;0.348255262247126;0.341858133426331;2.56515357532407;0.28153729288942;0.269067721582268;2.02343711725034
Nannacara.aureocephalus;0.417746617349834;0;0.219149395901172;0.292824500443055;0.445358573174402;2.64369242946277;0.382978849892166;0.271277850446377;1.45381211742376
Nannostomus.beckfordi;0.627837514934289;0;0.319333495607532;0.486964499061273;0.312252439645062;4.38770994224514;0.123697196344405;0.145490077413824;3.53277137016379
Nannostomus.bifasciatus;0.611465512331264;0;0.273619091146513;0.444836817223899;0.292765735178898;4.79159049360146;0.186112562026639;0.110542595519703;3.26732151593843
Nannostomus.marginatus;0.683204727589652;0;0.361451721484901;0.511064345386136;0.378919022889017;4.07529092133103;0.216387766878246;0.159018168195186;2.3312393499326
Ochmacanthus.cf..alternus;0.358416666666667;0.0584814420716611;0.133623551981111;0.435;0.298384121596694;5.60283332103593;0.250866966723235;0.141173000136959;1.20623076923077
Ochmacanthus.reinhardtii;0.316666666666667;NA;0.12;NA;0.378181818181818;5.97518181818182;0.334545454545455;0.127982107809576;0.78343949044586
Osteoglossum.bicirrhosum;0.232854383826208;0.0576131117996712;0.675665648811392;0.877587080690893;0.443413905615327;4.81386566212912;0.114151993379184;0.207500079043885;2.38142857142857
Otocinclus.mariae;0.508343283582089;0.0309860279441118;0;0;0.420514018691589;4.68224299065421;0;0.249149700598802;2.01530319663133
Pachypops.fourcroi;0.415880322493184;0;0.144468386632891;0.25088658958;0.479393491720285;3.85576223301777;0.385656671651279;0.206223907906138;2.79319059585731
Pachypops.trifilis;0.386527516760633;0;0.0961350109244331;0.281165447105709;0.342027218618796;3.33895193934371;0.349575008732697;0.20840538505878;2.35700919033559
Pachyurus.schomburgkii;0.380146489013324;0;0.103144481643962;0.412281578881584;0.383506984530132;3.63675392519049;0.267360309397368;0.186794305838004;2.04134555300979
Parodon.guyanensis;0.511191423788262;0;0;0.256065938799594;0.289769635438333;5.13722133001677;0.108945522085405;0.204543083915808;1.9104387773896
Parotocinclus.britskii;0.296318406978351;NA;0;0;0.55355817099873;5.23089011746882;0;0.282688557140809;NA
Peckoltia.capitulata;0.258505102040816;NA;0.0798434442270059;0.204137755102041;0.506849315068493;4.06001174168297;0.0146771037181996;0.249035748404803;1.56410576923077
Peckoltia.simulata;0.213178294573643;NA;0;0;0.642866883116883;4.4053538961039;0;0.247197735341221;2.77985983131331
Pellona.flavipinnis;0.399518420963384;0;0.388600107546155;0.586972495732486;0.397937578419072;2.95922768417279;0.209283697795304;0.18267667351246;3.91425910685667
Phenacogaster.aff..pectinatus;0.557767832678783;0;0.283346321900475;0.462087861905197;0.234950045095138;2.67253925028239;0.126283897971157;0.185598862430049;3.76376124284546
Phenacogaster.wayampi;0.663894757057807;0;0.238150654522461;0.342206462454388;0.232183938974021;2.91070000941759;0.092687578199626;0.204959653715116;3.47113718222175
Phenacogaster.wayana;0.558208853849982;0;0.3786325435882;0.485755892718888;0.342464232827542;3.31236612507408;0.116868632974889;0.156116485219612;3.33726562746053
Phenacorhamdia.tenuis;0.165523694940178;0.132427541818865;0.474955436291915;0.384513067308335;0.641755834122107;13.398296248961;0.328084985754028;0.0734612027509401;2.46834835065609
Piabucus.dentatus;0.543947346703397;0;0.370382108775112;0.336657040193731;0.320292675154905;4.60699171340264;0.198593043582348;0.193448067934939;4.02364720312634
Pimelabditus.moli;0.482468195191647;0.631705497008202;0;NA;0.512649262586879;6.19411066681292;0.0951008645533141;0.201505143202904;2.44714034001619
Pimelodella.cristata;0.510964453063355;0.877903254306665;0.109383210219274;0.279392306104859;0.44463357478836;5.38828811379936;0.172090058600057;0.157945122767003;2.62439402572486
Pimelodella.geryi;0.512163769182853;0.316607626618709;0.290457277115366;0.217560450761651;0.483737173544737;5.58127417447176;0.155168142441582;0.145978785674603;2.84321041781327
Pimelodella.macturki;0.52767325020849;0.600644744080998;0.154119817287421;0.391249516913126;0.473757027406887;5.68819176036542;0.177057712579058;0.167365139421082;4.17703604806409
Pimelodella.megalops;0.53200054547934;0.745004670010264;0.139333936175968;0.175911632346925;0.458349756930758;6.35510522695479;0.116955335543756;0.191692976012687;NA
Pimelodella.procera;0.405311666804101;0.551306254303536;0.0832572064716811;0.124173921238323;0.397015956216041;5.4633420325956;0.219248391840234;0.129686240203548;1.97665109160966
Pimelodus.blochii;0.334841050169242;0.547405192384063;0.214197513194096;0.283007223722232;0.385981955475242;4.84918366998765;0.131562819835352;0.200342306659907;3.67238439580302
Pimelodus.ornatus;0.363805315276056;0.871160908657473;0.190709578861573;0.366404480061087;0.470587370062308;4.79239978571871;0.121630188941595;0.175281240491013;3.07364428089161
Plagioscion.auratus;0.319412384942008;0;0.228104177750754;0.732338776324414;0.365793873983431;3.24348889057789;0.416913683463809;0.207094386783702;2.41482929072307
Plagioscion.squamosissimus;0.266522624993514;0;0.187499041307059;0.689173703039734;0.422459667740782;3.21922343265035;0.410524500778661;0.241671487393504;2.49905855432218
Platydoras.costatus;0.356641936495518;0.302450148914812;0.105623421821174;0.0540626865671642;0.461524848847551;4.61153538693416;0.139184816720397;0.276466376178658;2.92213568543514
Platystacus.cotylephorus;0.260336134453782;0.092841895288856;0;NA;0.444305772230889;12.5701886257268;0.242490426889803;0.120524774236058;3.92194570135747
Poecilia.reticulata;0.584171752615037;0;0.419646766895344;0.368117339896563;0.340351773463728;3.86705407969639;0.452662020143045;0.149295455671387;1.6929866341202
Poecilia.vivipara;0.503726732850366;0;0.288741405794292;0.278777600724035;0.259841664065984;3.38768745561091;0.392231550873264;0.18833689496073;0.991538230021763
Polycentrus.schomburgkii;0.490251581626172;0;0.36180700811211;0.627512594119183;0.430448290938311;2.24656868689141;0.373922169736486;0.194767759577012;1.42808728540417
Poptella.brevispina;0.475912566032221;0;0.269686242505689;0.235320314678702;0.243501783987523;1.72556425354425;0.134021104039288;0.248498283148252;3.6063507385924
Poptella.longipinnis;0.48169550658673;0;0.282946157098357;0.458745212840615;0.24861460508348;1.64815261779299;0.153362933781282;0.254565540233071;3.85117818035574
Porotergus.gymnotus;0.0950052360368506;0;0.175030043014859;0.723906314152985;0.478880041330204;7.80790440144206;0.526909556486483;0.0829312953821015;2.446798571036
Potamorrhaphis.guianensis;0.602308338918336;0;0.422812370391134;6.72216324259341;0.430391039821893;20.9663493203034;0.388275124037996;0.0685200702006185;2.49772492244054
Potamotrygon.orbignyi;0.053386944617013;0;NA;NA;0.736303067299013;2.9324662044066;0;0.634666946590826;1
Pristella.maxillaris;0.488877099038853;0;0.327496242347219;0.264913817567151;0.314585802793494;2.65576234526414;0.100766194566984;0.186254480534121;4.35682315738263
Pristobrycon.striolatus;0.282859376929092;0;0.228277772378268;0.262998477303593;0.306603446121378;1.71762492537106;0.122721214056621;0.176234858558628;5.82059826211776
Prochilodus.rubrotaeniatus;0.513564373275029;0;0.21217866411323;0.290564994973956;0.221137590487314;2.62012077964249;0.0955208441618739;0.219859763354718;2.10001949026357
Propimelodus.eigenmanni;0.208447023024845;0.381373051423656;0.276317069334086;0.292188978216678;0.46802415164002;5.80375877647115;0.128688962449312;0.0693779278951435;2.39415999665883
Pseudacanthicus.serratus;0.193331354196408;0.0679370680212586;0;0;0.811666290610296;4.81948196972597;0;0.327797099084936;2.57906173368299
Pseudancistrus.barbatus;0.24162743724731;0.0465621604842465;0;0;0.722132882882883;5.36894626769627;0;0.356191549493681;2.01848883423728
Pseudauchenipterus.nodosus;0.365079365079365;0.413073352057862;0.272280326188511;0.433253968253968;0.343885779595983;4.36317045073157;0.517039630634145;0.209386934548002;3.56381818181818
Pseudopimelodus.bufonius;0.2289;0.142824939397209;0.117128664425818;NA;0.468296600433987;4.97815704378165;0.0850955197208867;NA;2.39944015807301
Pseudoplatystoma.fasciatum;0.153827381782668;0.342713087472272;0.0741874232267855;0.620488831715589;0.382472820218458;6.0078746235633;0.10207529185976;0.179486784946253;3.75316410256318
Pterengraulis.atherinoides;0.505482954727221;0;0.156038744252703;1.34385335662267;0.231212593951849;4.06251755254187;0.257683680686978;0.204602783858256;2.69210714048456
Pterophyllum.scalare;0.266762208687103;0;0.293024296025211;0.266762208687103;0.301071464877503;1.27290840703467;0.346495882891125;0.298048172757475;2.68813109556467
Pygocentrus.nattereri;0.325435791180577;0;0.297581607200954;0.299869375253367;0.339371668349003;1.77941654918122;0.166947519458093;0.216697764692645;3.62589793630362
Pygopristis.denticulata;0.272953431372549;0;0.215301729126641;0.197843137254902;0.233050160875906;1.8297608851647;0.138926182264299;0.16050159714096;5.9366491257851
Pyrrhulina.cf..brevis;0.596096355874578;0;0.383163233775062;0.466473804705134;0.286372023625593;4.40525925468142;0.149487494150988;0.210163226082504;2.2459414995744
Pyrrhulina.filamentosa;0.661221680030536;0;0.408815602258337;0.431420693593335;0.330651304447362;4.84471504478418;0.204474843607489;0.182773813855837;2.61504249429009
Pyrrhulina.stoli;0.673830794239926;0;0.440844337958062;0.696819299987053;0.482355454022028;4.60788246875058;0.325560446499879;0.153228829511514;2.51397301030709
Retroculus.septentrionalis;0.272288488205197;0;0.316159604630951;0.401977074752765;0.656354106516604;3.09235911823694;0.381865961845676;0.240153203400334;2.47205886459483
Rhabdolichops.jegui;0.274212636673556;0;0.184359429102272;0.897391058590783;0.356698477043043;7.06535671724423;0.275980819938256;0.06513198786636;0
Rhamdia.foina;0.417295591506188;0.38095819300407;0.267089752800617;0.190103226051746;0.622907852372209;6.97642425693835;0.315212474388654;0.171328204560971;3.04174581536192
Rhamdia.quelen;0.286379613757544;0.574581336752014;0.266059634382764;0.293846969387309;0.48774114851349;4.85289832097524;0.270693916090104;0.156395687443879;2.13333343956674
Rhamphichthys.rostratus;0.120481188992986;0;0.055669921875;0.21455476412373;0.353515625;11.077517578125;0.34376953125;0.0502162458138291;0
Rineloricaria.nsp1.aff..stewarti;0.353304971243993;NA;0;0;0.607443457512203;10.4173632177386;0;0.167175744167955;NA
Rineloricaria.platyura;0.34452345914489;0.061139896373057;0;0;0.544372625544906;9.71141676524584;0.0220125786163522;0.160613547621453;6.04651162790698
Roeboexodon.geryi;0.504282343140839;0;0.281553719461516;0.449374546727011;0.296837140181104;3.52681980637807;0.0970653397099381;0.18556252324127;3.07504618288699
Satanoperca.jurupari;0.288444553038837;0;0.245184196337088;0.357984928203761;0.620492968904774;2.74045167861226;0.497433316547134;0.330231283955537;1.87057882072661
Satanoperca.rhynchitis;0.268513006458515;0;0.207149073576054;0.281630345424796;0.581667669302994;2.67755928501794;0.331859014854288;0.312905471190728;2.22758086981227
Schizodon.fasciatus;0.543615676934172;0;0.169496939039615;0.236853763923862;0.209221674915108;3.64505768200809;0.167027668180771;0.167611726227467;2.30007483210337
Sciades.couma;0.208027354507068;NA;0.213173351808357;0.332224160088122;0.309607646832663;5.10144006212481;0.102018675508285;NA;2.37875699440448
Sciades.passany;0.189075630252101;0.275593616193071;0;NA;0.282945736434109;4.97868217054264;0;0.107045543012845;2.58215962441315
Semaprochilodus.varii;0.498816945471785;0;0.222260810789199;0.277419626547907;0.250053856245985;2.27337207313981;0.107291210652378;0.21288596423298;3.10545823109092
Serrapinnus.gracilis;0.501935443291672;0;0.239537629138074;0.616680418921397;0.273829914787723;2.90867408189428;0.118080913958223;0.143970942786373;2.75100663201852
Serrasalmus.eigenmanni;0.380461628947848;0;0.270062470490004;0.380690151525918;0.283556722486759;1.84884197054078;0.136479814384767;0.201831703673219;4.26624784191844
Serrasalmus.maculatus;0.266448266448266;0;0.262499495032942;0.449619335244335;0.258435148935967;1.82906991948115;0.127100511496288;0.184373630616918;4.23328215024121
Serrasalmus.rhombeus;0.24103365674518;0;0.300217864756358;0.377571450926303;0.339019959475256;1.97291339882204;0.155848862836216;0.200900446859627;5.96706795482968
Sphoeroides.testudineus;0.294857142857143;NA;0.37801350048216;0.0754285714285714;0.667309546769527;2.60173577627772;0.568948891031823;0.161971830985915;1.80797101449275
Steindachnerina.varii;0.510780270660573;0;0.249795656682793;0.308588783516205;0.249371644299588;2.91988081676024;0.154094018360247;0.132264336217963;2.82490100070053
Sternarchorhynchus.aff..oxyrhynchus;0.13841983924232;0;0;0.218393669387501;0.413779452748923;8.61728844692171;0.560853179630099;0.0626700894341959;1.79295042474959
Sternopygus.macrurus;0.151389367997688;0;0.249636384927491;0.31509472148109;0.368022251792925;8.14164894896357;0.414055393927819;0.0511270254080713;0.111111111111111
Synbranchus.marmoratus;0.260007611666609;0;0.282607845437835;1.21035878628516;0.464273143259416;24.0489655442137;0;0;0
Tatia.brunnea;0.472870433501221;0.326205303470355;0.20165119942993;0.147535575252381;0.339776314251198;3.7090359467118;0.189364627812077;0.205630678296057;1.5199192054672
Tatia.gyrina;0.43015451091772;0.376026611078494;0.256166674688357;0.146160288388013;0.302317466429225;3.64804832266448;0.114940799922992;NA;1.60099091493809
Tatia.intermedia;0.451509793636397;0.271780585211068;0.287529891891071;0.266965546137543;0.297958625256736;4.37322500367531;0.0705783337994795;0.159139390837646;1.87533413026195
Tetragonopterus.chalceus;0.498121901872308;0;0.353260103092449;0.249057716582444;0.340749485187277;1.98313566606121;0.13009667741836;0.237053747154691;3.89498169232478
Thayeria.ifati;0.522991409802931;0;0.318290451286461;0.365161114782136;0.285731428057158;2.75748727538174;0.0962371128866134;0.245005566495139;3.7496816059191
Tometes.lebaili;0.166704695542335;0;0.357780152138906;0.400440208739077;0.310772852324419;1.84353900847628;0.119787457386713;0.20907170198546;3.80741792759303
Tometes.trilobatus;0.270097740677015;0;0.213344482157439;0.187181437228434;0.256775025387984;1.6710692085575;0.132563504284696;0.207634459048195;4.21994355362191
Tomeurus.gracilis;0.779109813521903;0;0.445469157469755;0.524776421075042;0.320080227496022;5.2851085229625;0.55052315357043;0.215899689721806;1.50902441418132
Trachelyopterus.coriaceus;0.34375;0.306850519903906;0.304755811473662;0.2385;0.337933765956799;4.19137495049203;0.266687993175517;0.188439270644419;1.76953285350702
Trachelyopterus.galeatus;0.224312297160903;0.23163949899713;0.323814388031904;0.326831081601873;0.346117098693613;3.77464211529636;0.213527378013424;0.117144523920229;1.69398258962598
Triportheus.brachipomus;0.476640279569549;0;0.363348614158699;0.22541498852442;0.303165254528696;3.19609590556861;0.418736178573708;0.348791891753021;2.66348987917583
